{
  "bindings": {
    "sensor_contact_back_door_contact": {
      "sensor_id": "sensor_contact_back_door_contact",
      "device_id": "zigbee_b40e060fffe290c7",
      "ieee_address": "0xb40e060fffe290c7",
      "friendly_name": "Back Door Contact",
      "device_type": "contact",
      "entry_point_id": "ep_back_door",
      "zone_id": "zone_back_door",
      "zone_type": "entry_exit",
      "location_type": "outdoor",
      "bound_at": "2024-12-24T00:00:00+00:00"
    },
    "sensor_motion_back_door_motion": {
      "sensor_id": "sensor_motion_back_door_motion",
      "device_id": "zigbee_54ef4410014105aa",
      "ieee_address": "0x54ef4410014105aa",
      "friendly_name": "Back Door Motion",
      "device_type": "motion",
      "entry_point_id": "ep_back_door",
      "zone_id": "zone_living_room",
      "zone_type": "interior",
      "location_type": "indoor",
      "bound_at": "2024-12-24T00:00:00+00:00"
    },
    "sensor_contact_front_door_contact": {
      "sensor_id": "sensor_contact_front_door_contact",
      "device_id": "zigbee_b40e060fffe2a560",
      "ieee_address": "0xb40e060fffe2a560",
      "friendly_name": "Front Door Contact",
      "device_type": "contact",
      "entry_point_id": "ep_front_door",
      "zone_id": "zone_front_door",
      "zone_type": "entry_exit",
      "location_type": "outdoor",
      "bound_at": "2024-12-24T00:00:00+00:00"
    },
    "sensor_motion_front_door_motion": {
      "sensor_id": "sensor_motion_front_door_motion",
      "device_id": "zigbee_54ef44100141022f",
      "ieee_address": "0x54ef44100141022f",
      "friendly_name": "Front Door Motion",
      "device_type": "motion",
      "entry_point_id": "ep_front_door",
      "zone_id": "zone_front_interior",
      "zone_type": "interior",
      "location_type": "indoor",
      "bound_at": "2024-12-24T00:00:00+00:00"
    }
  },
  "saved_at": "2024-12-26T00:00:00+00:00"
}
