{
  "$schema": "https://json-schema.org/draft/2020-12/schema",
  "$id": "https://neighborguard.dev/contracts/v1/events.ingest.request.schema.json",
  "title": "POST /api/circles/:circleId/events/ingest - Request",
  "type": "object",
  "additionalProperties": false,
  "properties": {
    "idempotencyKey": {
      "type": "string",
      "minLength": 8,
      "maxLength": 128
    },
    "event": {
      "type": "object",
      "additionalProperties": false,
      "properties": {
        "eventId": {
          "$ref": "https://neighborguard.dev/contracts/v1/common.schema.json#/definitions/Uuid"
        },
        "occurredAt": {
          "$ref": "https://neighborguard.dev/contracts/v1/common.schema.json#/definitions/DateTime"
        },
        "eventType": {
          "$ref": "https://neighborguard.dev/contracts/v1/common.schema.json#/definitions/EventType"
        },
        "severity": {
          "$ref": "https://neighborguard.dev/contracts/v1/common.schema.json#/definitions/EventSeverity"
        },
        "notificationLevel": {
          "$ref": "https://neighborguard.dev/contracts/v1/common.schema.json#/definitions/NotificationLevel"
        },
        "status": {
          "$ref": "https://neighborguard.dev/contracts/v1/common.schema.json#/definitions/EventStatus"
        },
        "title": {
          "type": "string",
          "minLength": 1,
          "maxLength": 200
        },
        "description": {
          "type": [
            "string",
            "null"
          ],
          "maxLength": 2000
        },
        "zoneId": {
          "anyOf": [
            {
              "$ref": "https://neighborguard.dev/contracts/v1/common.schema.json#/definitions/Uuid"
            },
            {
              "type": "null"
            }
          ]
        },
        "entryPointId": {
          "anyOf": [
            {
              "$ref": "https://neighborguard.dev/contracts/v1/common.schema.json#/definitions/Uuid"
            },
            {
              "type": "null"
            }
          ]
        },
        "locationHint": {
          "anyOf": [
            {
              "$ref": "https://neighborguard.dev/contracts/v1/common.schema.json#/definitions/LocationHint"
            },
            {
              "type": "null"
            }
          ]
        },
        "trackSummary": {
          "anyOf": [
            {
              "$ref": "https://neighborguard.dev/contracts/v1/common.schema.json#/definitions/TrackSummary"
            },
            {
              "type": "null"
            }
          ]
        },
        "explainSummary": {
          "$ref": "https://neighborguard.dev/contracts/v1/common.schema.json#/definitions/ExplainSummary"
        },
        "evidence": {
          "anyOf": [
            {
              "type": "null"
            },
            {
              "type": "object",
              "additionalProperties": false,
              "properties": {
                "available": {
                  "type": "boolean"
                },
                "policy": {
                  "$ref": "https://neighborguard.dev/contracts/v1/common.schema.json#/definitions/EvidencePolicy"
                },
                "clips": {
                  "type": "array",
                  "items": {
                    "$ref": "https://neighborguard.dev/contracts/v1/common.schema.json#/definitions/EvidenceClipHint"
                  },
                  "minItems": 0
                }
              },
              "required": [
                "available",
                "policy",
                "clips"
              ]
            }
          ]
        },
        "alarmState": {
          "$ref": "https://neighborguard.dev/contracts/v1/common.schema.json#/definitions/AlarmState"
        },
        "localDisarm": {
          "type": "boolean",
          "description": "True if the alarm/event was locally disarmed/cleared on Edge (e.g. keypad) within the same incident window."
        },
        "edge_schema_version": {
          "type": "string"
        },
        "workflowClass": {
          "type": "string"
        },
        "mode": {
          "type": "string",
          "enum": [
            "away",
            "home",
            "night",
            "disarmed"
          ]
        },
        "userAlertLevel": {
          "type": "integer",
          "minimum": 0,
          "maximum": 3
        },
        "dispatchReadinessLevel": {
          "type": "integer",
          "minimum": 0,
          "maximum": 3
        },
        "edgeAssessment": {
          "type": "object",
          "additionalProperties": true,
          "properties": {
            "capabilityTier": {
              "type": "string",
              "enum": [
                "V",
                "E",
                "N"
              ]
            },
            "presenceTier": {
              "type": "integer",
              "minimum": 0,
              "maximum": 4
            },
            "threatTier": {
              "type": "integer",
              "minimum": 0,
              "maximum": 4
            },
            "avs": {
              "type": "object",
              "additionalProperties": true,
              "properties": {
                "avs_final_level": {
                  "type": "integer",
                  "minimum": 0,
                  "maximum": 4
                },
                "avs_peak_level": {
                  "type": "integer",
                  "minimum": 0,
                  "maximum": 4
                }
              }
            }
          }
        },
        "remoteVerify": {
          "type": "object",
          "additionalProperties": false,
          "properties": {
            "mode": {
              "type": "string",
              "enum": [
                "none",
                "segment_stream",
                "live_stream",
                "external_link"
              ]
            },
            "snapshotsMin": {
              "type": "integer",
              "minimum": 0
            },
            "segmentCadenceSecMax": {
              "type": "number",
              "minimum": 1
            },
            "incidentPacketRequired": {
              "type": "boolean"
            },
            "notes": {
              "type": "string"
            }
          },
          "required": [
            "mode"
          ]
        },
        "incidentPacket": {
          "type": "object",
          "additionalProperties": false,
          "properties": {
            "required": {
              "type": "boolean"
            },
            "edgeSnapshotId": {
              "type": "string"
            },
            "packetId": {
              "type": "string"
            },
            "manifestRef": {
              "type": "string"
            }
          }
        },
        "eventDisposition": {
          "type": "string"
        }
      },
      "required": [
        "eventId",
        "occurredAt",
        "eventType",
        "severity",
        "notificationLevel",
        "status",
        "title",
        "explainSummary"
      ]
    }
  },
  "required": [
    "idempotencyKey",
    "event"
  ]
}