{
  "$schema": "https://json-schema.org/draft/2020-12/schema",
  "$id": "https://neighborguard.dev/contracts/v1/events.list.response.schema.json",
  "title": "GET /api/circles/:circleId/events - Response",
  "type": "object",
  "additionalProperties": false,
  "properties": {
    "items": {
      "type": "array",
      "items": {
        "$ref": "https://neighborguard.dev/contracts/v1/events.eventSummary.schema.json"
      }
    },
    "nextCursor": {
      "type": [
        "string",
        "null"
      ],
      "maxLength": 200
    }
  },
  "required": [
    "items"
  ]
}