{
  "devices": {
    "camera_10_0_0_156": {
      "device_id": "camera_10_0_0_156",
      "friendly_name": "Test Front Camera",
      "device_type": "camera",
      "adapter_type": "camera_rtsp",
      "ieee_address": null,
      "zwave_node_id": null,
      "camera_ip": "10.0.0.156",
      "mqtt_topic": null,
      "adapter_device_id": null,
      "status": "bound",
      "last_seen": null,
      "bound_to_entry_point": "ep_front_door",
      "bound_to_zone": "zone_front_yard",
      "sensor_id": "sensor_camera_camera_1",
      "config": {
        "username": "admin",
        "password": "test123"
      },
      "created_at": "2025-12-23T18:03:56.485956+00:00",
      "updated_at": "2025-12-23T19:42:21.476508+00:00"
    },
    "zigbee_0011223344556677": {
      "device_id": "zigbee_0011223344556677",
      "friendly_name": "Test Front Door Contact",
      "device_type": "contact",
      "adapter_type": "zigbee2mqtt",
      "ieee_address": "00:11:22:33:44:55:66:77",
      "zwave_node_id": null,
      "camera_ip": null,
      "mqtt_topic": "zigbee2mqtt/Test Front Door Contact",
      "adapter_device_id": "00:11:22:33:44:55:66:77",
      "status": "unbound",
      "last_seen": null,
      "bound_to_entry_point": null,
      "bound_to_zone": null,
      "sensor_id": null,
      "config": {
        "model": "MCCGQ11LM"
      },
      "created_at": "2025-12-23T18:03:56.989042+00:00",
      "updated_at": "2025-12-23T18:03:56.989048+00:00"
    },
    "zigbee_0011223344556688": {
      "device_id": "zigbee_0011223344556688",
      "friendly_name": "Test Front Motion",
      "device_type": "motion",
      "adapter_type": "zigbee2mqtt",
      "ieee_address": "00:11:22:33:44:55:66:88",
      "zwave_node_id": null,
      "camera_ip": null,
      "mqtt_topic": "zigbee2mqtt/Test Front Motion",
      "adapter_device_id": "00:11:22:33:44:55:66:88",
      "status": "unbound",
      "last_seen": null,
      "bound_to_entry_point": null,
      "bound_to_zone": null,
      "sensor_id": null,
      "config": {
        "model": "RTCGQ11LM"
      },
      "created_at": "2025-12-23T18:03:57.492923+00:00",
      "updated_at": "2025-12-23T18:03:57.492928+00:00"
    }
  },
  "saved_at": "2025-12-23T19:42:21.476802+00:00"
}