{
  "devices": {
    "zigbee_b40e060fffe290c7": {
      "device_id": "zigbee_b40e060fffe290c7",
      "ieee_address": "0xb40e060fffe290c7",
      "friendly_name": "Back Door Contact",
      "device_type": "contact",
      "model": "3RDS17BZ",
      "mqtt_topic": "zigbee2mqtt/Back Door Contact",
      "status": "bound",
      "discovered_at": "2025-12-24T05:55:43.538433+00:00",
      "last_seen": "2025-12-24T05:55:43.538479+00:00",
      "updated_at": "2025-12-24T05:55:57.964320+00:00"
    },
    "zigbee_54ef4410014105aa": {
      "device_id": "zigbee_54ef4410014105aa",
      "ieee_address": "0x54ef4410014105aa",
      "friendly_name": "Back Door Motion",
      "device_type": "contact",
      "model": "lumi.motion.ac02",
      "mqtt_topic": "zigbee2mqtt/Back Door Motion",
      "status": "bound",
      "discovered_at": "2025-12-24T05:58:08.476230+00:00",
      "last_seen": "2025-12-24T05:58:08.476250+00:00",
      "updated_at": "2025-12-24T05:58:21.138345+00:00"
    }
  },
  "saved_at": "2025-12-24T05:58:21.138374+00:00"
}