{
  "bindings": {
    "sensor_contact_back_door_contact": {
      "sensor_id": "sensor_contact_back_door_contact",
      "device_id": "zigbee_b40e060fffe290c7",
      "ieee_address": "0xb40e060fffe290c7",
      "friendly_name": "Back Door Contact",
      "device_type": "contact",
      "entry_point_id": "EP1",
      "zone_id": "Z2",
      "zone_type": "entry_exit",
      "location_type": "outdoor",
      "bound_at": "2025-12-24T05:55:57.964125+00:00"
    },
    "sensor_contact_back_door_motion": {
      "sensor_id": "sensor_contact_back_door_motion",
      "device_id": "zigbee_54ef4410014105aa",
      "ieee_address": "0x54ef4410014105aa",
      "friendly_name": "Back Door Motion",
      "device_type": "contact",
      "entry_point_id": "EP1",
      "zone_id": "Z3",
      "zone_type": "interior",
      "location_type": "outdoor",
      "bound_at": "2025-12-24T05:58:21.135625+00:00"
    }
  },
  "saved_at": "2025-12-24T05:58:21.135666+00:00"
}