{
  "$schema": "https://json-schema.org/draft/2020-12/schema",
  "$id": "https://neighborguard.dev/contracts/v1/events.eventDetail.schema.json",
  "title": "EventDetail",
  "type": "object",
  "additionalProperties": false,
  "properties": {
    "eventId": {
      "$ref": "https://neighborguard.dev/contracts/v1/common.schema.json#/definitions/Uuid"
    },
    "occurredAt": {
      "$ref": "https://neighborguard.dev/contracts/v1/common.schema.json#/definitions/DateTime"
    },
    "eventType": {
      "$ref": "https://neighborguard.dev/contracts/v1/common.schema.json#/definitions/EventType"
    },
    "severity": {
      "$ref": "https://neighborguard.dev/contracts/v1/common.schema.json#/definitions/EventSeverity"
    },
    "notificationLevel": {
      "$ref": "https://neighborguard.dev/contracts/v1/common.schema.json#/definitions/NotificationLevel"
    },
    "status": {
      "$ref": "https://neighborguard.dev/contracts/v1/common.schema.json#/definitions/EventStatus"
    },
    "title": {
      "type": "string",
      "minLength": 1,
      "maxLength": 120
    },
    "zoneId": {
      "$ref": "https://neighborguard.dev/contracts/v1/common.schema.json#/definitions/Uuid"
    },
    "entryPointId": {
      "$ref": "https://neighborguard.dev/contracts/v1/common.schema.json#/definitions/Uuid"
    },
    "alarmState": {
      "$ref": "https://neighborguard.dev/contracts/v1/common.schema.json#/definitions/AlarmState"
    },
    "localDisarm": {
      "type": "boolean"
    },
    "description": {
      "type": [
        "string",
        "null"
      ],
      "maxLength": 800
    },
    "serverReceivedAt": {
      "$ref": "https://neighborguard.dev/contracts/v1/common.schema.json#/definitions/DateTime"
    },
    "ackedAt": {
      "oneOf": [
        {
          "$ref": "https://neighborguard.dev/contracts/v1/common.schema.json#/definitions/DateTime"
        },
        {
          "type": "null"
        }
      ]
    },
    "resolvedAt": {
      "oneOf": [
        {
          "$ref": "https://neighborguard.dev/contracts/v1/common.schema.json#/definitions/DateTime"
        },
        {
          "type": "null"
        }
      ]
    },
    "trackSummary": {
      "oneOf": [
        {
          "$ref": "https://neighborguard.dev/contracts/v1/common.schema.json#/definitions/TrackSummary"
        },
        {
          "type": "null"
        }
      ]
    },
    "explainSummary": {
      "$ref": "https://neighborguard.dev/contracts/v1/common.schema.json#/definitions/ExplainSummary"
    },
    "evidence": {
      "oneOf": [
        {
          "type": "object",
          "additionalProperties": false,
          "properties": {
            "policy": {
              "$ref": "https://neighborguard.dev/contracts/v1/common.schema.json#/definitions/EvidencePolicy"
            },
            "status": {
              "type": "string",
              "enum": [
                "NONE",
                "REQUESTED",
                "UPLOADING",
                "ARCHIVED",
                "FAILED"
              ]
            },
            "evidenceId": {
              "oneOf": [
                {
                  "$ref": "https://neighborguard.dev/contracts/v1/common.schema.json#/definitions/Uuid"
                },
                {
                  "type": "null"
                }
              ]
            }
          },
          "required": [
            "policy",
            "status"
          ]
        },
        {
          "type": "null"
        }
      ]
    },
    "notes": {
      "type": "array",
      "items": {
        "type": "object",
        "additionalProperties": false,
        "properties": {
          "noteId": {
            "$ref": "https://neighborguard.dev/contracts/v1/common.schema.json#/definitions/Uuid"
          },
          "createdAt": {
            "$ref": "https://neighborguard.dev/contracts/v1/common.schema.json#/definitions/DateTime"
          },
          "createdById": {
            "$ref": "https://neighborguard.dev/contracts/v1/common.schema.json#/definitions/Uuid"
          },
          "text": {
            "type": "string",
            "minLength": 1,
            "maxLength": 800
          }
        },
        "required": [
          "noteId",
          "createdAt",
          "text"
        ]
      }
    },
    "edge_schema_version": {
      "type": "string"
    },
    "workflowClass": {
      "type": "string"
    },
    "mode": {
      "type": "string",
      "enum": [
        "away",
        "home",
        "night",
        "disarmed"
      ]
    },
    "userAlertLevel": {
      "type": "integer",
      "minimum": 0,
      "maximum": 3
    },
    "dispatchReadinessLevel": {
      "type": "integer",
      "minimum": 0,
      "maximum": 3
    },
    "edgeAssessment": {
      "type": "object",
      "additionalProperties": true,
      "properties": {
        "capabilityTier": {
          "type": "string",
          "enum": [
            "V",
            "E",
            "N"
          ]
        },
        "presenceTier": {
          "type": "integer",
          "minimum": 0,
          "maximum": 4
        },
        "threatTier": {
          "type": "integer",
          "minimum": 0,
          "maximum": 4
        },
        "avs": {
          "type": "object",
          "additionalProperties": true,
          "properties": {
            "avs_final_level": {
              "type": "integer",
              "minimum": 0,
              "maximum": 4
            },
            "avs_peak_level": {
              "type": "integer",
              "minimum": 0,
              "maximum": 4
            }
          }
        }
      }
    },
    "remoteVerify": {
      "type": "object",
      "additionalProperties": false,
      "properties": {
        "mode": {
          "type": "string",
          "enum": [
            "none",
            "segment_stream",
            "live_stream",
            "external_link"
          ]
        },
        "snapshotsMin": {
          "type": "integer",
          "minimum": 0
        },
        "segmentCadenceSecMax": {
          "type": "number",
          "minimum": 1
        },
        "incidentPacketRequired": {
          "type": "boolean"
        },
        "notes": {
          "type": "string"
        }
      },
      "required": [
        "mode"
      ]
    },
    "incidentPacket": {
      "type": "object",
      "additionalProperties": false,
      "properties": {
        "required": {
          "type": "boolean"
        },
        "edgeSnapshotId": {
          "type": "string"
        },
        "packetId": {
          "type": "string"
        },
        "manifestRef": {
          "type": "string"
        }
      }
    },
    "eventDisposition": {
      "type": "string"
    },
    "preLevel": {
      "$ref": "https://neighborguard.dev/contracts/v1/common.schema.json#/definitions/PreLevel"
    },
    "tamperLevel": {
      "$ref": "https://neighborguard.dev/contracts/v1/common.schema.json#/definitions/TamperLevel"
    },
    "cameraTier": {
      "$ref": "https://neighborguard.dev/contracts/v1/common.schema.json#/definitions/CameraTier"
    },
    "ptzPreset": {
      "$ref": "https://neighborguard.dev/contracts/v1/common.schema.json#/definitions/PtzPreset"
    },
    "sirenPolicy": {
      "$ref": "https://neighborguard.dev/contracts/v1/common.schema.json#/definitions/SirenPolicy"
    }
  },
  "required": [
    "eventId",
    "occurredAt",
    "eventType",
    "severity",
    "notificationLevel",
    "status",
    "title",
    "serverReceivedAt",
    "explainSummary"
  ],
  "allOf": [
    {
      "if": {
        "properties": {
          "tamperLevel": {
            "const": "TAMPER_C"
          }
        }
      },
      "then": {
        "properties": {
          "cameraTier": {
            "enum": [
              "TIER_2",
              "TIER_3"
            ]
          }
        }
      },
      "else": {}
    }
  ]
}