{
  "$id": "https://neighborguard.dev/contracts/v7.7/edge.incidentManifestUpsert.schema.json",
  "$schema": "https://json-schema.org/draft/2020-12/schema",
  "type": "object",
  "required": [
    "schemaVersion",
    "circleId",
    "eventId",
    "edgeInstanceId",
    "updatedAt",
    "sequence",
    "manifest"
  ],
  "properties": {
    "schemaVersion": { "const": "v7.7" },
    "circleId": { "type": "string", "format": "uuid" },
    "eventId": { "type": "string" },
    "edgeInstanceId": { "type": "string" },
    "updatedAt": { "type": "string", "format": "date-time" },
    "sequence": { "type": "integer", "minimum": 0 },
    "manifest": { "type": "object", "additionalProperties": true }
  },
  "additionalProperties": true
}
