{
  "devices": {
    "zigbee_b40e060fffe290c7": {
      "device_id": "zigbee_b40e060fffe290c7",
      "ieee_address": "0xb40e060fffe290c7",
      "friendly_name": "Back Door Contact",
      "device_type": "contact",
      "model": "3RDS17BZ",
      "mqtt_topic": "zigbee2mqtt/Back Door Contact",
      "status": "bound",
      "discovered_at": "2024-12-24T00:00:00+00:00",
      "last_seen": "2024-12-26T00:00:00+00:00"
    },
    "zigbee_54ef4410014105aa": {
      "device_id": "zigbee_54ef4410014105aa",
      "ieee_address": "0x54ef4410014105aa",
      "friendly_name": "Back Door Motion",
      "device_type": "motion",
      "model": "lumi.motion.ac02",
      "mqtt_topic": "zigbee2mqtt/Back Door Motion",
      "status": "bound",
      "discovered_at": "2024-12-24T00:00:00+00:00",
      "last_seen": "2024-12-26T00:00:00+00:00"
    },
    "zigbee_b40e060fffe2a560": {
      "device_id": "zigbee_b40e060fffe2a560",
      "ieee_address": "0xb40e060fffe2a560",
      "friendly_name": "Front Door Contact",
      "device_type": "contact",
      "model": "3RDS17BZ",
      "mqtt_topic": "zigbee2mqtt/Front Door Contact",
      "status": "bound",
      "discovered_at": "2024-12-24T00:00:00+00:00",
      "last_seen": "2024-12-26T00:00:00+00:00"
    },
    "zigbee_54ef44100141022f": {
      "device_id": "zigbee_54ef44100141022f",
      "ieee_address": "0x54ef44100141022f",
      "friendly_name": "Front Door Motion",
      "device_type": "motion",
      "model": "lumi.motion.ac02",
      "mqtt_topic": "zigbee2mqtt/Front Door Motion",
      "status": "bound",
      "discovered_at": "2024-12-24T00:00:00+00:00",
      "last_seen": "2024-12-26T00:00:00+00:00"
    }
  },
  "saved_at": "2024-12-26T00:00:00+00:00"
}
