{
  "idempotencyKey": "00000000-0000-0000-0000-0000000003e8",
  "event": {
    "eventId": "00000000-0000-0000-0000-000000000064",
    "occurredAt": "2025-12-19T03:12:45Z",
    "eventType": "break_in_attempt",
    "severity": "HIGH",
    "notificationLevel": "HIGH",
    "status": "OPEN",
    "title": "Possible break-in attempt",
    "description": "Front door opened + indoor motion within 30s (AWAY/NIGHT)",
    "zoneId": "00000000-0000-0000-0000-00000000000a",
    "entryPointId": "00000000-0000-0000-0000-00000000000b",
    "locationHint": {
      "zoneId": "00000000-0000-0000-0000-00000000000a",
      "confidence": 0.88,
      "source": [
        "door_contact",
        "pir"
      ]
    },
    "trackSummary": {
      "trackId": "00000000-0000-0000-0000-0000000000c8",
      "windowSec": 120,
      "zonesVisited": [
        {
          "zoneName": "Porch"
        },
        {
          "zoneName": "IndoorEntry"
        }
      ],
      "maxPrivacyLevel": "RESTRICTED",
      "dwellSeconds": 22,
      "objectTypes": [
        "person"
      ]
    },
    "explainSummary": {
      "ruleId": "R1_BREAKIN_DOOR_PIR",
      "keySignals": [
        {
          "code": "door_contact.open",
          "source": "door_contact",
          "sourceRef": "front_door",
          "value": "open"
        },
        {
          "code": "pir.motion",
          "source": "pir",
          "sourceRef": "indoor_entry",
          "value": "motion"
        }
      ],
      "mode": "AWAY"
    },
    "evidence": {
      "available": true,
      "policy": "AUTO_ARCHIVE_HIGH",
      "clips": [
        {
          "cameraId": "cam_front",
          "startOffsetSec": -10,
          "endOffsetSec": 30
        }
      ]
    }
  }
}